timestamp,src_ip,dst_ip,protocol,length
2025-10-22 14:45:50.077050,10.0.2.15,3.233.158.26,6,54
2025-10-22 14:45:50.077566,3.233.158.26,10.0.2.15,6,60
2025-10-22 14:45:51.399414,10.0.2.15,216.58.209.66,6,93
2025-10-22 14:45:51.400227,10.0.2.15,216.58.209.66,6,78
2025-10-22 14:45:51.400358,216.58.209.66,10.0.2.15,6,60
2025-10-22 14:45:51.401109,216.58.209.66,10.0.2.15,6,60
2025-10-22 14:45:51.483131,216.58.209.66,10.0.2.15,6,60
2025-10-22 14:45:51.483185,10.0.2.15,216.58.209.66,6,54
2025-10-22 14:46:00.321481,10.0.2.15,3.233.158.26,6,54
2025-10-22 14:46:00.322529,3.233.158.26,10.0.2.15,6,60
2025-10-22 14:46:01.604914,10.0.2.15,172.64.155.209,6,93
2025-10-22 14:46:01.606058,172.64.155.209,10.0.2.15,6,60
2025-10-22 14:46:01.658809,172.64.155.209,10.0.2.15,6,93
2025-10-22 14:46:01.658956,10.0.2.15,172.64.155.209,6,54
2025-10-22 14:46:03.112277,104.18.39.21,10.0.2.15,6,78
2025-10-22 14:46:03.112734,10.0.2.15,104.18.39.21,6,82
2025-10-22 14:46:03.115364,104.18.39.21,10.0.2.15,6,60
2025-10-22 14:46:07.998000,10.0.2.15,13.107.213.43,6,54
2025-10-22 14:46:07.998424,13.107.213.43,10.0.2.15,6,60
2025-10-22 14:46:10.556933,10.0.2.15,3.233.158.26,6,54
2025-10-22 14:46:10.557642,3.233.158.26,10.0.2.15,6,60
2025-10-22 14:46:20.800362,10.0.2.15,3.233.158.26,6,54
2025-10-22 14:46:20.801157,3.233.158.26,10.0.2.15,6,60
2025-10-22 14:46:23.113866,104.18.39.21,10.0.2.15,6,78
2025-10-22 14:46:23.114187,10.0.2.15,104.18.39.21,6,82
2025-10-22 14:46:23.117743,104.18.39.21,10.0.2.15,6,60
2025-10-22 14:46:23.718003,10.0.2.15,10.2.0.16,17,86
2025-10-22 14:46:23.718272,10.0.2.15,10.2.0.16,17,86
2025-10-22 14:46:23.718445,10.0.2.15,10.2.0.16,17,86
2025-10-22 14:46:23.729187,10.2.0.16,10.0.2.15,17,383
2025-10-22 14:46:24.371854,10.2.0.16,10.0.2.15,17,560
2025-10-22 14:46:24.371855,10.2.0.16,10.0.2.15,17,480
2025-10-22 14:46:24.375960,10.0.2.15,142.250.200.78,6,74
2025-10-22 14:46:24.429158,142.250.200.78,10.0.2.15,6,60
2025-10-22 14:46:24.429378,10.0.2.15,142.250.200.78,6,54
2025-10-22 14:46:24.430411,10.0.2.15,142.250.200.78,6,2525
2025-10-22 14:46:24.431100,142.250.200.78,10.0.2.15,6,60
2025-10-22 14:46:24.431100,142.250.200.78,10.0.2.15,6,60
2025-10-22 14:46:24.431113,10.0.2.15,142.250.200.78,6,152
2025-10-22 14:46:24.431637,142.250.200.78,10.0.2.15,6,60
2025-10-22 14:46:24.506059,142.250.200.78,10.0.2.15,6,2005
2025-10-22 14:46:24.506270,10.0.2.15,142.250.200.78,6,54
2025-10-22 14:46:24.507143,10.0.2.15,142.250.200.78,6,138
2025-10-22 14:46:24.507732,142.250.200.78,10.0.2.15,6,60
2025-10-22 14:46:24.508145,10.0.2.15,142.250.200.78,6,85
2025-10-22 14:46:24.508591,142.250.200.78,10.0.2.15,6,60
2025-10-22 14:46:24.509239,10.0.2.15,142.250.200.78,6,2543
2025-10-22 14:46:24.509650,142.250.200.78,10.0.2.15,6,60
2025-10-22 14:46:24.509650,142.250.200.78,10.0.2.15,6,60
2025-10-22 14:46:24.509706,10.0.2.15,142.250.200.78,6,2304
2025-10-22 14:46:24.510167,142.250.200.78,10.0.2.15,6,60
2025-10-22 14:46:24.510167,142.250.200.78,10.0.2.15,6,60
2025-10-22 14:46:24.596143,142.250.200.78,10.0.2.15,6,431
2025-10-22 14:46:24.597158,10.0.2.15,142.250.200.78,6,93
2025-10-22 14:46:24.599710,142.250.200.78,10.0.2.15,6,60
2025-10-22 14:46:24.894477,10.0.2.15,40.79.173.41,6,54
2025-10-22 14:46:24.894658,10.0.2.15,13.107.5.93,6,54
2025-10-22 14:46:24.895068,40.79.173.41,10.0.2.15,6,60
2025-10-22 14:46:24.895069,13.107.5.93,10.0.2.15,6,60
2025-10-22 14:46:25.904596,13.107.213.43,10.0.2.15,6,117
2025-10-22 14:46:25.904596,13.107.213.43,10.0.2.15,6,60
2025-10-22 14:46:25.905046,10.0.2.15,13.107.213.43,6,54
2025-10-22 14:46:25.905372,13.107.213.43,10.0.2.15,6,60
2025-10-22 14:46:30.545796,10.0.2.15,34.36.137.203,6,93
2025-10-22 14:46:30.546427,34.36.137.203,10.0.2.15,6,60
2025-10-22 14:46:30.583370,34.36.137.203,10.0.2.15,6,93
2025-10-22 14:46:30.628851,10.0.2.15,34.36.137.203,6,54
2025-10-22 14:46:31.042533,10.0.2.15,3.233.158.26,6,54
2025-10-22 14:46:31.043191,3.233.158.26,10.0.2.15,6,60
2025-10-22 14:46:33.086211,10.0.2.15,150.171.76.16,6,54
2025-10-22 14:46:33.086509,10.0.2.15,40.79.173.41,6,54
2025-10-22 14:46:33.087185,150.171.76.16,10.0.2.15,6,60
2025-10-22 14:46:33.087186,40.79.173.41,10.0.2.15,6,60
2025-10-22 14:46:38.875123,140.82.113.25,10.0.2.15,6,79
2025-10-22 14:46:38.875581,10.0.2.15,140.82.113.25,6,83
2025-10-22 14:46:38.878142,140.82.113.25,10.0.2.15,6,60
2025-10-22 14:46:39.559288,10.0.2.15,34.107.243.93,6,93
2025-10-22 14:46:39.559873,34.107.243.93,10.0.2.15,6,60
2025-10-22 14:46:39.591812,34.107.243.93,10.0.2.15,6,93
2025-10-22 14:46:39.652399,10.0.2.15,34.107.243.93,6,54
2025-10-22 14:46:41.278803,10.0.2.15,3.233.158.26,6,54
2025-10-22 14:46:41.279166,3.233.158.26,10.0.2.15,6,60
2025-10-22 14:46:41.562316,10.0.2.15,146.75.53.91,6,100
2025-10-22 14:46:41.562550,10.0.2.15,146.75.53.91,6,100
2025-10-22 14:46:41.563189,146.75.53.91,10.0.2.15,6,60
2025-10-22 14:46:41.563190,146.75.53.91,10.0.2.15,6,60
2025-10-22 14:46:41.690970,146.75.53.91,10.0.2.15,6,100
2025-10-22 14:46:41.723974,146.75.53.91,10.0.2.15,6,100
2025-10-22 14:46:41.739119,10.0.2.15,146.75.53.91,6,54
2025-10-22 14:46:41.765905,10.0.2.15,146.75.53.91,6,54
2025-10-22 14:46:43.109421,104.18.39.21,10.0.2.15,6,78
2025-10-22 14:46:43.109843,10.0.2.15,104.18.39.21,6,82
2025-10-22 14:46:43.112985,104.18.39.21,10.0.2.15,6,60
2025-10-22 14:46:44.645630,10.0.2.15,3.233.158.26,6,78
2025-10-22 14:46:44.645817,10.0.2.15,3.233.158.26,6,54
2025-10-22 14:46:44.646389,3.233.158.26,10.0.2.15,6,60
2025-10-22 14:46:44.646389,3.233.158.26,10.0.2.15,6,60
2025-10-22 14:46:44.778079,3.233.158.26,10.0.2.15,6,60
2025-10-22 14:46:52.489240,13.107.213.43,10.0.2.15,6,117
2025-10-22 14:46:52.489241,13.107.213.43,10.0.2.15,6,60
